{
    "name": "root",
    "gauges": {
        "advancedJumpAgent.Policy.Entropy.mean": {
            "value": 2.4422388076782227,
            "min": 1.5157508850097656,
            "max": 2.4422388076782227,
            "count": 3
        },
        "advancedJumpAgent.Policy.Entropy.sum": {
            "value": 24361.33203125,
            "min": 15233.2958984375,
            "max": 24361.33203125,
            "count": 3
        },
        "advancedJumpAgent.Environment.EpisodeLength.mean": {
            "value": 4.838973162193699,
            "min": 4.314027630180659,
            "max": 4.882941176470588,
            "count": 3
        },
        "advancedJumpAgent.Environment.EpisodeLength.sum": {
            "value": 8294.0,
            "min": 8119.0,
            "max": 8301.0,
            "count": 3
        },
        "advancedJumpAgent.Step.mean": {
            "value": 29995.0,
            "min": 9996.0,
            "max": 29995.0,
            "count": 3
        },
        "advancedJumpAgent.Step.sum": {
            "value": 29995.0,
            "min": 9996.0,
            "max": 29995.0,
            "count": 3
        },
        "advancedJumpAgent.Policy.ExtrinsicValueEstimate.mean": {
            "value": -17.34130859375,
            "min": -17.34130859375,
            "max": -15.555806159973145,
            "count": 3
        },
        "advancedJumpAgent.Policy.ExtrinsicValueEstimate.sum": {
            "value": -29688.3203125,
            "min": -29688.3203125,
            "max": -27953.67578125,
            "count": 3
        },
        "advancedJumpAgent.Environment.CumulativeReward.mean": {
            "value": -24.494132922074506,
            "min": -24.494132922074506,
            "max": -22.902733768337466,
            "count": 3
        },
        "advancedJumpAgent.Environment.CumulativeReward.sum": {
            "value": -41933.95556259155,
            "min": -43102.94495201111,
            "max": -41209.352977752686,
            "count": 3
        },
        "advancedJumpAgent.Policy.ExtrinsicReward.mean": {
            "value": -24.494132922074506,
            "min": -24.494132922074506,
            "max": -22.902733768337466,
            "count": 3
        },
        "advancedJumpAgent.Policy.ExtrinsicReward.sum": {
            "value": -41933.95556259155,
            "min": -43102.94495201111,
            "max": -41209.352977752686,
            "count": 3
        },
        "advancedJumpAgent.Losses.PolicyLoss.mean": {
            "value": 0.2383913078793297,
            "min": 0.23452243128238578,
            "max": 0.24122723372557894,
            "count": 3
        },
        "advancedJumpAgent.Losses.PolicyLoss.sum": {
            "value": 22.170391632777662,
            "min": 18.99631693387325,
            "max": 22.170391632777662,
            "count": 3
        },
        "advancedJumpAgent.Losses.ValueLoss.mean": {
            "value": 19.198363504546062,
            "min": 2.6409995179591452,
            "max": 27.48715886309181,
            "count": 3
        },
        "advancedJumpAgent.Losses.ValueLoss.sum": {
            "value": 1785.4478059227838,
            "min": 227.1259585444865,
            "max": 2226.4598679104365,
            "count": 3
        },
        "advancedJumpAgent.Policy.LearningRate.mean": {
            "value": 0.0002998499385661495,
            "min": 0.0002998499385661495,
            "max": 0.0002999705039357579,
            "count": 3
        },
        "advancedJumpAgent.Policy.LearningRate.sum": {
            "value": 0.027886044286651902,
            "min": 0.02429761081879639,
            "max": 0.027886044286651902,
            "count": 3
        },
        "advancedJumpAgent.Policy.Epsilon.mean": {
            "value": 0.1999499795053764,
            "min": 0.1999499795053764,
            "max": 0.19999016797530866,
            "count": 3
        },
        "advancedJumpAgent.Policy.Epsilon.sum": {
            "value": 18.595348094000006,
            "min": 16.199203606,
            "max": 18.595348094000006,
            "count": 3
        },
        "advancedJumpAgent.Policy.Beta.mean": {
            "value": 0.0004997548995763441,
            "min": 0.0004997548995763441,
            "max": 0.0004999518230790123,
            "count": 3
        },
        "advancedJumpAgent.Policy.Beta.sum": {
            "value": 0.046477205660600006,
            "min": 0.040496097669399996,
            "max": 0.046477205660600006,
            "count": 3
        },
        "advancedJumpAgent.IsTraining.mean": {
            "value": 1.0,
            "min": 1.0,
            "max": 1.0,
            "count": 3
        },
        "advancedJumpAgent.IsTraining.sum": {
            "value": 1.0,
            "min": 1.0,
            "max": 1.0,
            "count": 3
        }
    },
    "metadata": {
        "timer_format_version": "0.1.0",
        "start_time_seconds": "1713992262",
        "python_version": "3.9.13 (tags/v3.9.13:6de2ca5, May 17 2022, 16:36:42) [MSC v.1929 64 bit (AMD64)]",
        "command_line_arguments": "D:\\!UnityGames\\MLAgentsClass\\venv\\Scripts\\mlagents-learn config/advancedAgent.yaml --force",
        "mlagents_version": "0.30.0",
        "mlagents_envs_version": "0.30.0",
        "communication_protocol_version": "1.5.0",
        "pytorch_version": "2.3.0+cpu",
        "numpy_version": "1.21.2",
        "end_time_seconds": "1713992406"
    },
    "total": 143.6579211,
    "count": 1,
    "self": 0.0028001999999958116,
    "children": {
        "run_training.setup": {
            "total": 0.06211359999999999,
            "count": 1,
            "self": 0.06211359999999999
        },
        "TrainerController.start_learning": {
            "total": 143.5930073,
            "count": 1,
            "self": 0.04086629999994784,
            "children": {
                "TrainerController._reset_env": {
                    "total": 9.8518263,
                    "count": 1,
                    "self": 9.8518263
                },
                "TrainerController.advance": {
                    "total": 133.62203890000006,
                    "count": 2953,
                    "self": 0.03179470000037554,
                    "children": {
                        "env_step": {
                            "total": 75.5164283999998,
                            "count": 2953,
                            "self": 73.17671839999919,
                            "children": {
                                "SubprocessEnvManager._take_step": {
                                    "total": 2.318416199999957,
                                    "count": 2953,
                                    "self": 0.0668928999998446,
                                    "children": {
                                        "TorchPolicy.evaluate": {
                                            "total": 2.2515233000001125,
                                            "count": 1501,
                                            "self": 2.2515233000001125
                                        }
                                    }
                                },
                                "workers": {
                                    "total": 0.021293800000648844,
                                    "count": 2952,
                                    "self": 0.0,
                                    "children": {
                                        "worker_root": {
                                            "total": 72.78223190000011,
                                            "count": 2952,
                                            "is_parallel": true,
                                            "self": 63.53795310000015,
                                            "children": {
                                                "steps_from_proto": {
                                                    "total": 0.0003759000000016499,